﻿<?xml version="1.0" encoding="utf-8" ?>
<Defs>

  <JobDef>
    <defName>CastBerserkPulse</defName>
    <driverClass>PowerfulEmpire.JobDriver_CastBerserkPulse</driverClass>
    <reportString>casting.</reportString>
    <casualInterruptible>false</casualInterruptible>
    <collideWithPawns>true</collideWithPawns>
    <checkOverrideOnDamage>Never</checkOverrideOnDamage>
  </JobDef>

  <JobDef>
    <defName>CastManhunterPulse</defName>
    <driverClass>PowerfulEmpire.JobDriver_CastManhunterPulse</driverClass>
    <reportString>casting.</reportString>
    <casualInterruptible>false</casualInterruptible>
    <collideWithPawns>true</collideWithPawns>
    <checkOverrideOnDamage>Never</checkOverrideOnDamage>
  </JobDef>

  <JobDef>
    <defName>CastInvisibility</defName>
    <driverClass>PowerfulEmpire.JobDriver_CastInvisibility</driverClass>
    <reportString>casting.</reportString>
    <casualInterruptible>false</casualInterruptible>
    <collideWithPawns>true</collideWithPawns>
    <checkOverrideOnDamage>Never</checkOverrideOnDamage>
  </JobDef>

  <JobDef>
    <defName>CastBerserk</defName>
    <driverClass>PowerfulEmpire.JobDriver_CastBerserk</driverClass>
    <reportString>casting.</reportString>
    <casualInterruptible>false</casualInterruptible>
    <collideWithPawns>true</collideWithPawns>
    <checkOverrideOnDamage>Never</checkOverrideOnDamage>
  </JobDef>

  <JobDef>
    <defName>CastVertigoPulse</defName>
    <driverClass>PowerfulEmpire.JobDriver_CastVertigoPulse</driverClass>
    <reportString>casting.</reportString>
    <casualInterruptible>false</casualInterruptible>
    <collideWithPawns>true</collideWithPawns>
    <checkOverrideOnDamage>Never</checkOverrideOnDamage>
  </JobDef>

  <JobDef>
    <defName>CastWaterskip</defName>
    <driverClass>PowerfulEmpire.JobDriver_CastWaterskip</driverClass>
    <reportString>casting.</reportString>
    <casualInterruptible>false</casualInterruptible>
    <collideWithPawns>true</collideWithPawns>
    <checkOverrideOnDamage>Never</checkOverrideOnDamage>
  </JobDef>

  <JobDef>
    <defName>CastBeckon</defName>
    <driverClass>PowerfulEmpire.JobDriver_CastBeckon</driverClass>
    <reportString>casting.</reportString>
    <casualInterruptible>false</casualInterruptible>
    <collideWithPawns>true</collideWithPawns>
    <checkOverrideOnDamage>Never</checkOverrideOnDamage>
  </JobDef>

  <JobDef>
    <defName>CastBlindingPulse</defName>
    <driverClass>PowerfulEmpire.JobDriver_CastBlindingPulse</driverClass>
    <reportString>casting.</reportString>
    <casualInterruptible>false</casualInterruptible>
    <collideWithPawns>true</collideWithPawns>
    <checkOverrideOnDamage>Never</checkOverrideOnDamage>
  </JobDef>

  <JobDef>
    <defName>CastWallraise</defName>
    <driverClass>PowerfulEmpire.JobDriver_CastWallraise</driverClass>
    <reportString>casting.</reportString>
    <casualInterruptible>false</casualInterruptible>
    <collideWithPawns>true</collideWithPawns>
    <checkOverrideOnDamage>Never</checkOverrideOnDamage>
  </JobDef>

  <JobDef>
    <defName>CastSmokepop</defName>
    <driverClass>PowerfulEmpire.JobDriver_CastSmokepop</driverClass>
    <reportString>casting.</reportString>
    <casualInterruptible>false</casualInterruptible>
    <collideWithPawns>true</collideWithPawns>
    <checkOverrideOnDamage>Never</checkOverrideOnDamage>
  </JobDef>

  <JobDef>
		<defName>CastPainblock</defName>
		<driverClass>PowerfulEmpire.JobDriver_CastPainblock</driverClass>
		<reportString>casting.</reportString>
    <casualInterruptible>false</casualInterruptible>
    <collideWithPawns>true</collideWithPawns>
    <checkOverrideOnDamage>Never</checkOverrideOnDamage>
  </JobDef>

  <JobDef>
		<defName>CastFocus</defName>
		<driverClass>PowerfulEmpire.JobDriver_CastFocus</driverClass>
		<reportString>casting.</reportString>
    <casualInterruptible>false</casualInterruptible>
    <collideWithPawns>true</collideWithPawns>
    <checkOverrideOnDamage>Never</checkOverrideOnDamage>
  </JobDef>

  <JobDef>
		<defName>CastStun</defName>
		<driverClass>PowerfulEmpire.JobDriver_CastStun</driverClass>
		<reportString>casting.</reportString>
    <casualInterruptible>false</casualInterruptible>
    <collideWithPawns>true</collideWithPawns>
    <checkOverrideOnDamage>Never</checkOverrideOnDamage>
  </JobDef>

  <JobDef>
    <defName>CastChaosSkip</defName>
    <driverClass>PowerfulEmpire.JobDriver_CastChaosSkip</driverClass>
    <reportString>casting.</reportString>
    <casualInterruptible>false</casualInterruptible>
    <collideWithPawns>true</collideWithPawns>
    <checkOverrideOnDamage>Never</checkOverrideOnDamage>
  </JobDef>

  <JobDef>
    <defName>CastSkip</defName>
    <driverClass>PowerfulEmpire.JobDriver_CastSkip</driverClass>
    <reportString>casting.</reportString>
    <casualInterruptible>false</casualInterruptible>
    <collideWithPawns>true</collideWithPawns>
    <checkOverrideOnDamage>Never</checkOverrideOnDamage>
  </JobDef>

  <JobDef>
		<defName>CastBurden</defName>
		<driverClass>PowerfulEmpire.JobDriver_CastBurden</driverClass>
		<reportString>casting.</reportString>
    <casualInterruptible>false</casualInterruptible>
    <collideWithPawns>true</collideWithPawns>
    <checkOverrideOnDamage>Never</checkOverrideOnDamage>
  </JobDef>

</Defs>
