<?xml version="1.0" encoding="utf-8" ?>
<Defs>

  <!-- Normal ThinkTree branch -->

  <ThinkTreeDef>
    <defName>AIPsycast</defName>
    <insertTag>Humanlike_PostMentalState</insertTag>
    <insertPriority>99</insertPriority>
    <thinkRoot Class="ThinkNode_Priority">
      <subNodes>
        <li Class="ThinkNode_ConditionalOfPlayerFactionOrPlayerGuestOrPlayerPrisoner">
        <invert>true</invert>
          <subNodes>
            <li Class="PowerfulEmpire.JobGiver_AIPsycast" />
          </subNodes>
        </li>
      </subNodes>
    </thinkRoot>
  </ThinkTreeDef>


</Defs>
